{"log_decay": 0.8655766248703003, "feature_coefs": [-1.848806619644165], "nosite_conc": 0.0, "FEATURE_LIST": ["log_KA", "in_ORF"]}